{
    "gamovideo": {
        "count": 12, 
        "last": 1505394429.5848989, 
        "speeds": [
            3422645.8200318534, 
            4305929.9594221562, 
            3771699.1699103909, 
            3754053.7213943936, 
            3474243.8921266496
        ], 
        "success": [
            true, 
            true, 
            true, 
            true, 
            true
        ]
    }
}