{
    "openload": {
        "count": 2, 
        "last": 1501175637.127, 
        "speeds": [
            2939942.444121555, 
            3275692.030400629
        ], 
        "success": [
            true, 
            true
        ]
    }
}